{
    "type": "object",
    "description": "Apply chameleon eyelids.",
    "required": [
        "colors"
    ],
    "properties": {
        "colors": {
            "type": "object",
            "description": "Container with bottom and upper colors arrays.",
            "required": [
                "bottom",
                "upper"
            ],
            "properties": {
                "bottom": {
                    "type": "array",
                    "description": "Array of bottom colors. May contain up to 3 elements with color/finish/coverage data.",
                    "minItems": 1,
                    "items": {
                        "required": [
                            "color",
                            "finish",
                            "coverage"
                        ],
                        "properties": {
                            "color": {
                                "type": "string",
                                "default": "0 0 0",
                                "description": "Solid color of the region in RGB string format."
                            },
                            "finish": {
                                "type": "string",
                                "enum": [
                                    "shimmer",
                                    "matte",
                                    "matte_powder",
                                    "glitter_metallic",
                                    "glitter",
                                    "metallic",
                                    "glitter_sheer",
                                    "cream"
                                ],
                                "description": "Type of the finish surface."
                            },
                            "coverage": {
                                "type": ["string", "number"],
                                "enum": [
                                    "low",
                                    "mid",
                                    "high"
                                ],
                                "description": "Coverage intensity."
                            }
                        }
                    }
                },
                "upper": {
                    "type": "array",
                    "description": "Array of upper colors. May contain up to 3 elements with color/finish/coverage data.",
                    "minItems": 1,
                    "items": {
                        "required": [
                            "color",
                            "finish",
                            "coverage"
                        ],
                        "properties": {
                            "color": {
                                "type": "string",
                                "default": "0 0 0",
                                "description": "Solid color of the region in RGB string format."
                            },
                            "finish": {
                                "type": "string",
                                "enum": [
                                    "shimmer",
                                    "matte",
                                    "matte_powder",
                                    "glitter_metallic",
                                    "glitter",
                                    "metallic",
                                    "glitter_sheer",
                                    "cream"
                                ],
                                "description": "Type of the finish surface."
                            },
                            "coverage": {
                                "type": ["string", "number"],
                                "enum": [
                                    "low",
                                    "mid",
                                    "high"
                                ],
                                "description": "Coverage intensity."
                            }
                        }
                    }
                }
            }
        },
        "threshold": {
            "type": "number",
            "minimum": 0,
            "maximum": 1,
            "default": 0.92,
            "description": "Chameleon mask threshold. Higher value - smaller mask."
        },
        "contour": {
            "type": "number",
            "minimum": 0,
            "maximum": 1,
            "default": 0.3,
            "description": "Chameleon mask contour softness."
        },
        "weakness": {
            "type": "number",
            "minimum": 0,
            "default": 0.25,
            "description": "Chameleon mask weakness. Higher value - smaller mask."
        }
    }
}
