{
    "type": "object",
    "description": "Adds a gloss effect to the eyelids. Depends on makeup_base prefab.",
    "required": [
    ],
    "properties": {
        "threshold": {
            "type": "number",
            "minimum": 0,
            "maximum": 1,
            "default": 0.98,
            "description": "Gloss threshold. Higher value - smaller blick."
        },
        "contour": {
            "type": "number",
            "minimum": 0,
            "maximum": 1,
            "default": 0.5,
            "description": "Blick contour softness."
        },
        "weakness": {
            "type": "number",
            "minimum": 0,
            "default": 0.5,
            "description": "Blick mask weakness. Higher value - smaller blick."
        },
        "multiplier": {
            "type": "number",
            "minimum": 1,
            "default": 1.5,
            "description": "Blick mask multiplier."
        },
        "alpha": {
            "type": "number",
            "minimum": 0,
            "maximum": 1,
            "default": 0.6,
            "description": "Blick mask visibility."
        }
    }
}
