{
    "type": "object",
    "description": "Adds a glitter effect to the eyelids. Depends on makeup_base prefab.",
    "required": [
    ],
    "properties": {
        "color": {
            "type": "string",
            "default": "0 0 0",
            "description": "Glitter color in RGB format."
        },
        "alpha": {
            "type": "number",
            "minimum": 0,
            "maximum": 1,
            "default": 0,
            "description": "Glitter effect visibility."
        }
    }
}

