{
    "type": "object",
    "description": "Apply chameleon lipstick.",
    "required": [
        "colors",
        "color",
        "finish",
        "coverage"
    ],
    "properties": {
        "colors": {
            "type": "array",
            "description": "Array of lipsticks parameters. Must contain 2 elements with color/finish/coverage data.",
            "minItems": 2,
            "items": {
                "required": [
                    "color",
                    "finish",
                    "coverage"
                ],
                "properties": {
                    "color": {
                        "type": "string",
                        "default": "0 0 0",
                        "description": "Solid color of the region in RGB string format."
                    },
                    "finish": {
                        "type": "string",
                        "enum": [
                            "shimmer",
                            "matte_dry",
                            "matte_cream",
                            "matte_powder",
                            "matte_liquid",
                            "cream_shine",
                            "glossy_cream_plumping",
                            "balm",
                            "balm_light",
                            "glossy_cream_shimmer",
                            "cream_vividcolors",
                            "matte_velvet",
                            "cream_shine_glitter",
                            "matte_velvet_sparkling",
                            "matte_sheer_lightcolors",
                            "matte_cream_vividcolors",
                            "metallic_cream",
                            "matte_velvet_sparkling_lightcolors",
                            "matte_light",
                            "metallic_shine",
                            "metallic_dry_lightcolors",
                            "satin",
                            "shine",
                            "cream",
                            "clear",
                            "cream_darkcolors",
                            "clear_shimmer",
                            "metallic_sheer"
                        ],
                        "description": "Type of the finish surface."
                    },
                    "coverage": {
                        "type": ["string", "number"],
                        "enum": [
                            "low",
                            "mid",
                            "high"
                        ],
                        "description": "Lipstick coverage intensity."
                    }
                }
            }
        },
        "threshold": {
            "type": "number",
            "minimum": 0,
            "maximum": 1,
            "default": 0.92,
            "description": "Chameleon mask threshold. Higher value - smaller mask."
        },
        "contour": {
            "type": "number",
            "minimum": 0,
            "maximum": 1,
            "default": 0.3,
            "description": "Chameleon mask contour softness."
        },
        "weakness": {
            "type": "number",
            "minimum": 0,
            "default": 0.25,
            "description": "Chameleon mask weakness. Higher value - smaller mask."
        }
    }
}
